name,votes,percentage
民主進步黨,"4,982,062",36.1629
中國國民黨,"4,764,576",34.5842
台灣民眾黨,"3,040,615",22.0706
其他,7.182299999999998,7.182299999999998
